<?xml version="1.0" encoding="UTF-8"?>
<!-- Copyright FUJITSU LIMITED 2016-->
 
<project name="POSTGRES macro definitions" default="" basedir=".">

  <description />

  <property name="working.dir" value="${basedir}" />
  
  <property name="db.admin.user" value="postgres" />
  <property name="db.admin.pwd" value="${db.admin.user}" />
  
  <macrodef name="runDbScript">
    <attribute name="failonerror" default="true" />
    <text name="script" />
    <sequential>
      <property name="database.interpreter" value="${env.DB_INTERPRETER}" />
      <tempfile property="temp.script.file" destdir="${working.dir}" prefix="scriptdb" suffix=".sql" deleteonexit="true" />
      <echo file="${temp.script.file}" append="false">
				@{script}
			</echo>
      <exec executable="${database.interpreter}" failonerror="@{failonerror}">
        <env key="PGPASSWORD" value="${db.admin.pwd}" />
        <arg value="-U" />
        <arg value="${db.admin.user}" />
        <arg value="-h" />
        <arg value="${db.host}" />
        <arg value="-f" />
        <arg value="${temp.script.file}" />
        <arg value="-p" />
        <arg value="${db.port}" />
      </exec>
      <delete file="${temp.script.file}" failonerror="false" quiet="true" />
    </sequential>
  </macrodef>

  <macrodef name="create.db">
    <attribute name="failonerror" default="true" />
    <sequential>
      <echo message="Creating database ${db.name} " />
      <runDbScript failonerror="@{failonerror}">
  			\set ON_ERROR_STOP
  			CREATE DATABASE "${db.name}" WITH OWNER="${db.user}" TEMPLATE=template0 ENCODING='UTF8';
  			\c "${db.name}"
  			CREATE SCHEMA "${db.user}";
  			GRANT ALL PRIVILEGES ON SCHEMA "${db.user}" TO "${db.user}";
      </runDbScript>
    </sequential>
  </macrodef>

  <macrodef name="create.user">
    <attribute name="failonerror" default="true" />
    <sequential>
      <echo message="Creating user ${db.user} " />
      <runDbScript failonerror="@{failonerror}">
  			\set ON_ERROR_STOP
  			CREATE ROLE "${db.user}" LOGIN PASSWORD '${db.pwd}';
      </runDbScript>
    </sequential>
  </macrodef>

  <macrodef name="delete.db">
    <attribute name="failonerror" default="true" />
    <sequential>
      <echo message="Removing database ${db.name} " />
      <runDbScript failonerror="@{failonerror}">
  			\set ON_ERROR_STOP
  			DROP DATABASE "${db.name}";
      </runDbScript>
    </sequential>
  </macrodef>
  
  <macrodef name="delete.user">
    <attribute name="failonerror" default="true" />
    <sequential>
      <echo message="Removing user ${db.user} " />
      <runDbScript failonerror="false">
  			\set ON_ERROR_STOP
  			DROP ROLE "${db.user}";
      </runDbScript>
    </sequential>
  </macrodef>
  
</project>