<?xml version="1.0" encoding="UTF-8"?>
<!-- Copyright FUJITSU LIMITED 2016-->
 
<!DOCTYPE resources PUBLIC 
   "-//GlassFish.org//DTD GlassFish Application Server 3.1 Resource Definitions //EN" 
   "http://glassfish.org/dtds/glassfish-resources_1_5.dtd">
<resources>
  <jdbc-connection-pool validation-table-name="VERSION" datasource-classname="org.postgresql.xa.PGXADataSource"
    res-type="javax.sql.XADataSource" name="BSSPool" is-connection-validation-required="true">
    <description>Connection pool for BSS</description>
    <property name="serverName" value="@SERVER.NAME@"></property>
    <property name="TraceFileAppend" value="false"></property>
    <property name="RetrieveMessageText" value="true"></property>
    <property name="user" value="@DB.USER@"></property>
    <property name="roleName" value="@ROLE.NAME@"></property>
    <property name="datasourceName" value="org.postgresql.xa.PGXADataSource"></property>
    <property name="networkProtocol" value="tcp/ip"></property>
    <property name="LoginTimeout" value="0"></property>
    <property name="databaseName" value="@DATABASE.NAME@"></property>
    <property name="password" value="@DB.PASSWORD@"></property>
    <property name="portNumber" value="@PORT.NUMBER@"></property>
    <property name="TraceLevel" value="-1"></property>
  </jdbc-connection-pool>
  <jdbc-resource pool-name="BSSPool" jndi-name="BSSDS"></jdbc-resource>
  <connector-connection-pool max-pool-size="250" steady-pool-size="1"
    name="jms/bss/masterIndexerQueueFactory" resource-adapter-name="jmsra" is-connection-validation-required="true"
    connection-definition-name="javax.jms.QueueConnectionFactory" idle-timeout-in-seconds="600" transaction-support="XATransaction"
    fail-all-connections="true">
    <property name="Password" value="@JMS.USER.NAME@"></property>
    <property name="UserName" value="@JMS.USER.PWD@"></property>
  </connector-connection-pool>
  <connector-resource pool-name="jms/bss/masterIndexerQueueFactory" jndi-name="jms/bss/masterIndexerQueueFactory"></connector-resource>
  <admin-object-resource res-adapter="jmsra" res-type="javax.jms.Queue" jndi-name="jms/bss/masterIndexerQueue">
    <property name="Name" value="jms_bss_masterIndexerQueue"></property>
  </admin-object-resource>
</resources>